{"biases": [[[0.9657616454318275], [1.6680877728196695]], [[0.0]]], "weights": [[[-1.2553933625186788, 0.18706992892227536], [-1.9226389653446567, 0.2787010727198141]], [[0.0], [0.0]]], "sizes": [2, 2, 1]}